"Q1_star_avg","EIF_std","num_pp","Q1_star_lb","Q1_star_ub","htn_med_class"
-0.258995191509991,0.0135263011416553,31053,-0.285506741747635,-0.232483641272347,"acei"
-0.166785098916053,0.0154750167432434,31053,-0.19711613173281,-0.136454066099296,"arb"
-0.166261897666915,0.0121972438678096,31053,-0.190168495647822,-0.142355299686008,"ccb"
-0.269932669520974,0.0155585903583811,31053,-0.300427506623401,-0.239437832418547,"diuretics"
-0.327863879323761,0.0168328225719445,31053,-0.360856211564772,-0.29487154708275,"acei_arb_diuretic"
